{"cameraMode":{"drawMode":0,"name":"Shaded","section":"Shading Mode"},"sceneLighting":true,"audioPlay":false,"sceneViewState":{"m_AlwaysRefresh":false,"showFog":true,"showSkybox":true,"showFlares":true,"showImageEffects":true,"showParticleSystems":true,"showVisualEffectGraphs":true,"m_FxEnabled":true},"in2DMode":false,"pivot":{"x":1.3052035570144654,"y":1.7926244735717774,"z":5.191118240356445},"rotation":{"x":0.1640150398015976,"y":-0.17361605167388917,"z":0.029339579865336419,"w":0.9706193804740906},"size":1.608810305595398,"orthographic":false}