{"cameraMode":{"drawMode":0,"name":"Shaded","section":"Shading Mode"},"sceneLighting":true,"audioPlay":false,"sceneViewState":{"m_AlwaysRefresh":false,"showFog":true,"showSkybox":true,"showFlares":true,"showImageEffects":true,"showParticleSystems":true,"showVisualEffectGraphs":true,"m_FxEnabled":true},"in2DMode":false,"pivot":{"x":-0.03280770778656006,"y":-0.9797791242599487,"z":6.361401081085205},"rotation":{"x":-0.17847155034542085,"y":-0.21415744721889497,"z":0.03983467072248459,"w":-0.9595288634300232},"size":2.139793634414673,"orthographic":false}