{"cameraMode":{"drawMode":0,"name":"Shaded","section":"Shading Mode"},"sceneLighting":true,"audioPlay":false,"sceneViewState":{"m_AlwaysRefresh":false,"showFog":true,"showSkybox":true,"showFlares":true,"showImageEffects":true,"showParticleSystems":true,"showVisualEffectGraphs":true,"m_FxEnabled":true},"in2DMode":false,"pivot":{"x":0.23000001907348634,"y":2.4549999237060549,"z":8.609999656677246},"rotation":{"x":-0.03736945986747742,"y":0.9458788633346558,"z":-0.11779681593179703,"w":-0.3000774383544922},"size":10.27851676940918,"orthographic":false}