{"cameraMode":{"drawMode":0,"name":"Shaded","section":"Shading Mode"},"sceneLighting":true,"audioPlay":false,"sceneViewState":{"m_AlwaysRefresh":false,"showFog":true,"showSkybox":true,"showFlares":true,"showImageEffects":true,"showParticleSystems":true,"showVisualEffectGraphs":true,"m_FxEnabled":true},"in2DMode":false,"pivot":{"x":0.2518197298049927,"y":2.153679847717285,"z":7.311761856079102},"rotation":{"x":-0.5800378322601318,"y":0.0051604704931378368,"z":-0.006536401342600584,"w":-0.8145512342453003},"size":0.8660253882408142,"orthographic":false}