{"cameraMode":{"drawMode":0,"name":"Shaded","section":"Shading Mode"},"sceneLighting":true,"audioPlay":false,"sceneViewState":{"m_AlwaysRefresh":false,"showFog":true,"showSkybox":true,"showFlares":true,"showImageEffects":true,"showParticleSystems":true,"showVisualEffectGraphs":true,"m_FxEnabled":true},"in2DMode":false,"pivot":{"x":-0.3983205258846283,"y":0.691261887550354,"z":2.9834394454956056},"rotation":{"x":-0.3389591872692108,"y":0.0010871738195419312,"z":-0.002869098214432597,"w":-0.9407981634140015},"size":0.8660253882408142,"orthographic":false}