{"cameraMode":{"drawMode":0,"name":"Shaded","section":"Shading Mode"},"sceneLighting":true,"audioPlay":false,"sceneViewState":{"m_AlwaysRefresh":false,"showFog":true,"showSkybox":true,"showFlares":true,"showImageEffects":true,"showParticleSystems":true,"showVisualEffectGraphs":true,"m_FxEnabled":true},"in2DMode":false,"pivot":{"x":284.51214599609377,"y":307.68658447265627,"z":-35.69578552246094},"rotation":{"x":-0.2718530595302582,"y":-0.0016005499055609108,"z":-0.001969978678971529,"w":-0.9623368382453919},"size":148.8258056640625,"orthographic":false}