{"cameraMode":{"drawMode":0,"name":"Shaded","section":"Shading Mode"},"sceneLighting":true,"audioPlay":false,"sceneViewState":{"m_AlwaysRefresh":false,"showFog":true,"showSkybox":true,"showFlares":true,"showImageEffects":true,"showParticleSystems":true,"showVisualEffectGraphs":true,"m_FxEnabled":true},"in2DMode":false,"pivot":{"x":-0.7386271357536316,"y":-0.32198452949523928,"z":4.282473564147949},"rotation":{"x":0.1666000634431839,"y":0.014790501445531845,"z":-0.0024973913095891477,"w":0.985913872718811},"size":1.608810305595398,"orthographic":false}