{"cameraMode":{"drawMode":0,"name":"Shaded","section":"Shading Mode"},"sceneLighting":true,"audioPlay":false,"sceneViewState":{"m_AlwaysRefresh":false,"showFog":true,"showSkybox":true,"showFlares":true,"showImageEffects":true,"showParticleSystems":true,"showVisualEffectGraphs":true,"m_FxEnabled":true},"in2DMode":false,"pivot":{"x":0.6546840667724609,"y":1.2318193912506104,"z":10.00085163116455},"rotation":{"x":-0.1960679143667221,"y":0.09602076560258866,"z":-0.019295668229460717,"w":-0.975713312625885},"size":0.30000680685043337,"orthographic":false}