{"cameraMode":{"drawMode":0,"name":"Shaded","section":"Shading Mode"},"sceneLighting":true,"audioPlay":false,"sceneViewState":{"m_AlwaysRefresh":false,"showFog":true,"showSkybox":true,"showFlares":true,"showImageEffects":true,"showParticleSystems":true,"showVisualEffectGraphs":true,"m_FxEnabled":true},"in2DMode":false,"pivot":{"x":-4.320251941680908,"y":-0.43570995330810549,"z":7.487683296203613},"rotation":{"x":-0.06784909218549729,"y":0.6747824549674988,"z":-0.06252802908420563,"w":-0.7322279810905457},"size":1.7084548473358155,"orthographic":false}